run_index,source_project,source_test_path,target_project,target_uut_path,pre_build_success,final_build_success,total_attempts,successful_attempt,clone_classification,execution_time_seconds,gemini_api_used,pom_fix_applied,build_failed_initially,llm_response_length,pair_id
1,ds2/lightfish,lightfish/src/test/java/org/lightfish/business/monitoring/control/SessionTokenRetrieverTest.java,AdamBien/lightfish,src/main/java/org/lightfish/business/servermonitoring/control/SessionTokenRetriever.java,True,True,3,3.0,Type-4,81.27664303779602,True,False,True,5815.0,ds2/lightfish|lightfish/src/test/java/org/lightfish/business/monitoring/control/SessionTokenRetrieverTest.java|AdamBien/lightfish|src/main/java/org/lightfish/business/servermonitoring/control/SessionTokenRetriever.java
1,daisy1754/crawljax,core/src/test/java/com/crawljax/util/DOMComparerTest.java,stefanlenselink/crawljax,src/main/java/com/crawljax/util/Helper.java,True,True,2,2.0,Type-2,14.920750856399536,True,False,True,1781.0,daisy1754/crawljax|core/src/test/java/com/crawljax/util/DOMComparerTest.java|stefanlenselink/crawljax|src/main/java/com/crawljax/util/Helper.java
1,stefanlenselink/crawljax,core/src/test/java/com/crawljax/util/HelperTest.java,daisy1754/crawljax,src/main/java/com/crawljax/util/DomUtils.java,True,False,3,,Type-2,132.4813449382782,True,False,True,7748.0,stefanlenselink/crawljax|core/src/test/java/com/crawljax/util/HelperTest.java|daisy1754/crawljax|src/main/java/com/crawljax/util/DomUtils.java
1,jaehwan-jung/crawljax,core/src/test/java/com/crawljax/util/DomUtilsTest.java,stefanlenselink/crawljax,src/main/java/com/crawljax/util/Helper.java,True,True,3,3.0,Type-3,56.293081760406494,True,False,True,7098.0,jaehwan-jung/crawljax|core/src/test/java/com/crawljax/util/DomUtilsTest.java|stefanlenselink/crawljax|src/main/java/com/crawljax/util/Helper.java
1,davidraleigh/geometry-api-java,src/test/java/com/esri/core/geometry/TestWKBSupport.java,satol/geometry-api-java,src/main/java/com/esri/core/geometry/ogc/OGCGeometry.java,True,True,3,3.0,,105.2468900680542,True,False,True,8913.0,davidraleigh/geometry-api-java|src/test/java/com/esri/core/geometry/TestWKBSupport.java|satol/geometry-api-java|src/main/java/com/esri/core/geometry/ogc/OGCGeometry.java
1,PVahldiek/wahlzeit,src/test/java/org/wahlzeit/model/coordinates/SphericCoordinateTest.java,corinna-hederer/wahlzeit,src/main/java/org/wahlzeit/model/Building.java,False,False,0,,,2.7692019939422607,False,False,False,,PVahldiek/wahlzeit|src/test/java/org/wahlzeit/model/coordinates/SphericCoordinateTest.java|corinna-hederer/wahlzeit|src/main/java/org/wahlzeit/model/Building.java
1,galenframework/galen,galen-core/src/test/java/com/galenframework/tests/speclang2/SpecsReaderV2Test.java,tommywo/galen,src/main/java/com/galenframework/specs/SpecText.java,True,False,3,,Type-2,564.1058077812195,True,False,True,63290.0,galenframework/galen|galen-core/src/test/java/com/galenframework/tests/speclang2/SpecsReaderV2Test.java|tommywo/galen|src/main/java/com/galenframework/specs/SpecText.java
1,lessthanoptimal/BoofCV,main/boofcv-geo/src/test/java/boofcv/struct/calib/TestCameraPinhole.java,Pandinosaurus/BoofCV,src/main/java/boofcv/struct/calib/CameraPinholeBrown.java,False,False,0,,,11.70025897026062,False,False,False,,lessthanoptimal/BoofCV|main/boofcv-geo/src/test/java/boofcv/struct/calib/TestCameraPinhole.java|Pandinosaurus/BoofCV|src/main/java/boofcv/struct/calib/CameraPinholeBrown.java
1,tempredirect/Java-Chronicle,src/test/java/vanilla/java/chronicle/impl/ByteBufferExcerptTest.java,peter-lawrey/Java-Chronicle,src/main/java/com/higherfrequencytrading/chronicle/impl/AbstractExcerpt.java,True,False,3,,Type-3,333.7502520084381,True,False,True,23391.0,tempredirect/Java-Chronicle|src/test/java/vanilla/java/chronicle/impl/ByteBufferExcerptTest.java|peter-lawrey/Java-Chronicle|src/main/java/com/higherfrequencytrading/chronicle/impl/AbstractExcerpt.java
1,wolfdancer/blueflood,blueflood-core/src/test/java/com/rackspacecloud/blueflood/types/BluefloodCounterRollupTest.java,dlobue/blueflood,src/main/java/com/rackspacecloud/blueflood/types/CounterRollup.java,True,True,2,2.0,Type-2,45.41101908683777,True,False,True,27316.0,wolfdancer/blueflood|blueflood-core/src/test/java/com/rackspacecloud/blueflood/types/BluefloodCounterRollupTest.java|dlobue/blueflood|src/main/java/com/rackspacecloud/blueflood/types/CounterRollup.java
1,mcgray/htmlelements,htmlelements-java/src/test/java/ru/yandex/qatools/htmlelements/PageInitializationTest.java,lanwen/htmlelements,src/test/java/ru/yandex/qatools/htmlelements/PageInitializationTest.java,True,True,2,2.0,Type-3,44.05423903465271,True,False,True,8650.0,mcgray/htmlelements|htmlelements-java/src/test/java/ru/yandex/qatools/htmlelements/PageInitializationTest.java|lanwen/htmlelements|src/test/java/ru/yandex/qatools/htmlelements/PageInitializationTest.java
2,ds2/lightfish,lightfish/src/test/java/org/lightfish/business/monitoring/control/SessionTokenRetrieverTest.java,AdamBien/lightfish,src/main/java/org/lightfish/business/servermonitoring/control/SessionTokenRetriever.java,True,True,2,2.0,Type-2,50.07678985595703,True,False,True,5676.0,ds2/lightfish|lightfish/src/test/java/org/lightfish/business/monitoring/control/SessionTokenRetrieverTest.java|AdamBien/lightfish|src/main/java/org/lightfish/business/servermonitoring/control/SessionTokenRetriever.java
2,daisy1754/crawljax,core/src/test/java/com/crawljax/util/DOMComparerTest.java,stefanlenselink/crawljax,src/main/java/com/crawljax/util/Helper.java,True,True,2,2.0,Type-2,20.006091833114624,True,False,True,3626.0,daisy1754/crawljax|core/src/test/java/com/crawljax/util/DOMComparerTest.java|stefanlenselink/crawljax|src/main/java/com/crawljax/util/Helper.java
2,stefanlenselink/crawljax,core/src/test/java/com/crawljax/util/HelperTest.java,daisy1754/crawljax,src/main/java/com/crawljax/util/DomUtils.java,True,True,3,3.0,Type-3,79.66599798202515,True,False,True,7247.0,stefanlenselink/crawljax|core/src/test/java/com/crawljax/util/HelperTest.java|daisy1754/crawljax|src/main/java/com/crawljax/util/DomUtils.java
2,jaehwan-jung/crawljax,core/src/test/java/com/crawljax/util/DomUtilsTest.java,stefanlenselink/crawljax,src/main/java/com/crawljax/util/Helper.java,True,True,3,3.0,Type-3,71.84595775604248,True,False,True,7591.0,jaehwan-jung/crawljax|core/src/test/java/com/crawljax/util/DomUtilsTest.java|stefanlenselink/crawljax|src/main/java/com/crawljax/util/Helper.java
2,davidraleigh/geometry-api-java,src/test/java/com/esri/core/geometry/TestWKBSupport.java,satol/geometry-api-java,src/main/java/com/esri/core/geometry/ogc/OGCGeometry.java,True,True,3,3.0,Type-3,116.46129512786865,True,False,True,8771.0,davidraleigh/geometry-api-java|src/test/java/com/esri/core/geometry/TestWKBSupport.java|satol/geometry-api-java|src/main/java/com/esri/core/geometry/ogc/OGCGeometry.java
2,galenframework/galen,galen-core/src/test/java/com/galenframework/tests/speclang2/SpecsReaderV2Test.java,tommywo/galen,src/main/java/com/galenframework/specs/SpecText.java,True,False,3,,Type-3,606.6266939640045,True,False,True,55016.0,galenframework/galen|galen-core/src/test/java/com/galenframework/tests/speclang2/SpecsReaderV2Test.java|tommywo/galen|src/main/java/com/galenframework/specs/SpecText.java
2,tempredirect/Java-Chronicle,src/test/java/vanilla/java/chronicle/impl/ByteBufferExcerptTest.java,peter-lawrey/Java-Chronicle,src/main/java/com/higherfrequencytrading/chronicle/impl/AbstractExcerpt.java,True,False,3,,Type-3,212.09328889846802,True,False,True,17861.0,tempredirect/Java-Chronicle|src/test/java/vanilla/java/chronicle/impl/ByteBufferExcerptTest.java|peter-lawrey/Java-Chronicle|src/main/java/com/higherfrequencytrading/chronicle/impl/AbstractExcerpt.java
2,wolfdancer/blueflood,blueflood-core/src/test/java/com/rackspacecloud/blueflood/types/BluefloodCounterRollupTest.java,dlobue/blueflood,src/main/java/com/rackspacecloud/blueflood/types/CounterRollup.java,True,True,2,2.0,,41.50253629684448,True,False,True,27266.0,wolfdancer/blueflood|blueflood-core/src/test/java/com/rackspacecloud/blueflood/types/BluefloodCounterRollupTest.java|dlobue/blueflood|src/main/java/com/rackspacecloud/blueflood/types/CounterRollup.java
2,mcgray/htmlelements,htmlelements-java/src/test/java/ru/yandex/qatools/htmlelements/PageInitializationTest.java,lanwen/htmlelements,src/test/java/ru/yandex/qatools/htmlelements/PageInitializationTest.java,True,True,3,3.0,Type-3,95.14604473114014,True,False,True,7210.0,mcgray/htmlelements|htmlelements-java/src/test/java/ru/yandex/qatools/htmlelements/PageInitializationTest.java|lanwen/htmlelements|src/test/java/ru/yandex/qatools/htmlelements/PageInitializationTest.java
3,ds2/lightfish,lightfish/src/test/java/org/lightfish/business/monitoring/control/SessionTokenRetrieverTest.java,AdamBien/lightfish,src/main/java/org/lightfish/business/servermonitoring/control/SessionTokenRetriever.java,True,True,3,3.0,Type-3,51.39952778816223,True,False,True,4247.0,ds2/lightfish|lightfish/src/test/java/org/lightfish/business/monitoring/control/SessionTokenRetrieverTest.java|AdamBien/lightfish|src/main/java/org/lightfish/business/servermonitoring/control/SessionTokenRetriever.java
3,daisy1754/crawljax,core/src/test/java/com/crawljax/util/DOMComparerTest.java,stefanlenselink/crawljax,src/main/java/com/crawljax/util/Helper.java,True,True,2,2.0,Type-2,14.006273984909058,True,False,True,2058.0,daisy1754/crawljax|core/src/test/java/com/crawljax/util/DOMComparerTest.java|stefanlenselink/crawljax|src/main/java/com/crawljax/util/Helper.java
3,stefanlenselink/crawljax,core/src/test/java/com/crawljax/util/HelperTest.java,daisy1754/crawljax,src/main/java/com/crawljax/util/DomUtils.java,True,True,3,3.0,Type-3,78.69597601890564,True,False,True,9539.0,stefanlenselink/crawljax|core/src/test/java/com/crawljax/util/HelperTest.java|daisy1754/crawljax|src/main/java/com/crawljax/util/DomUtils.java
3,jaehwan-jung/crawljax,core/src/test/java/com/crawljax/util/DomUtilsTest.java,stefanlenselink/crawljax,src/main/java/com/crawljax/util/Helper.java,True,True,3,3.0,Type-3,73.31331014633179,True,False,True,7718.0,jaehwan-jung/crawljax|core/src/test/java/com/crawljax/util/DomUtilsTest.java|stefanlenselink/crawljax|src/main/java/com/crawljax/util/Helper.java
3,davidraleigh/geometry-api-java,src/test/java/com/esri/core/geometry/TestWKBSupport.java,satol/geometry-api-java,src/main/java/com/esri/core/geometry/ogc/OGCGeometry.java,True,True,3,3.0,Type-3,97.33833980560303,True,False,True,8855.0,davidraleigh/geometry-api-java|src/test/java/com/esri/core/geometry/TestWKBSupport.java|satol/geometry-api-java|src/main/java/com/esri/core/geometry/ogc/OGCGeometry.java
3,tempredirect/Java-Chronicle,src/test/java/vanilla/java/chronicle/impl/ByteBufferExcerptTest.java,peter-lawrey/Java-Chronicle,src/main/java/com/higherfrequencytrading/chronicle/impl/AbstractExcerpt.java,True,False,3,,Type-3,190.65733313560486,True,False,True,10504.0,tempredirect/Java-Chronicle|src/test/java/vanilla/java/chronicle/impl/ByteBufferExcerptTest.java|peter-lawrey/Java-Chronicle|src/main/java/com/higherfrequencytrading/chronicle/impl/AbstractExcerpt.java
3,wolfdancer/blueflood,blueflood-core/src/test/java/com/rackspacecloud/blueflood/types/BluefloodCounterRollupTest.java,dlobue/blueflood,src/main/java/com/rackspacecloud/blueflood/types/CounterRollup.java,True,True,3,3.0,Type-2,94.11019492149353,True,False,True,27294.0,wolfdancer/blueflood|blueflood-core/src/test/java/com/rackspacecloud/blueflood/types/BluefloodCounterRollupTest.java|dlobue/blueflood|src/main/java/com/rackspacecloud/blueflood/types/CounterRollup.java
3,mcgray/htmlelements,htmlelements-java/src/test/java/ru/yandex/qatools/htmlelements/PageInitializationTest.java,lanwen/htmlelements,src/test/java/ru/yandex/qatools/htmlelements/PageInitializationTest.java,True,True,3,3.0,Type-4,172.10378885269165,True,False,True,10833.0,mcgray/htmlelements|htmlelements-java/src/test/java/ru/yandex/qatools/htmlelements/PageInitializationTest.java|lanwen/htmlelements|src/test/java/ru/yandex/qatools/htmlelements/PageInitializationTest.java
4,ds2/lightfish,lightfish/src/test/java/org/lightfish/business/monitoring/control/SessionTokenRetrieverTest.java,AdamBien/lightfish,src/main/java/org/lightfish/business/servermonitoring/control/SessionTokenRetriever.java,True,True,3,3.0,Type-3,79.16417193412781,True,False,True,5050.0,ds2/lightfish|lightfish/src/test/java/org/lightfish/business/monitoring/control/SessionTokenRetrieverTest.java|AdamBien/lightfish|src/main/java/org/lightfish/business/servermonitoring/control/SessionTokenRetriever.java
4,daisy1754/crawljax,core/src/test/java/com/crawljax/util/DOMComparerTest.java,stefanlenselink/crawljax,src/main/java/com/crawljax/util/Helper.java,True,True,2,2.0,Type-2,27.572754859924316,True,False,True,3751.0,daisy1754/crawljax|core/src/test/java/com/crawljax/util/DOMComparerTest.java|stefanlenselink/crawljax|src/main/java/com/crawljax/util/Helper.java
4,stefanlenselink/crawljax,core/src/test/java/com/crawljax/util/HelperTest.java,daisy1754/crawljax,src/main/java/com/crawljax/util/DomUtils.java,True,True,3,3.0,Type-3,96.30442810058594,True,False,True,7706.0,stefanlenselink/crawljax|core/src/test/java/com/crawljax/util/HelperTest.java|daisy1754/crawljax|src/main/java/com/crawljax/util/DomUtils.java
4,jaehwan-jung/crawljax,core/src/test/java/com/crawljax/util/DomUtilsTest.java,stefanlenselink/crawljax,src/main/java/com/crawljax/util/Helper.java,True,True,2,2.0,,31.922808170318604,True,False,True,7650.0,jaehwan-jung/crawljax|core/src/test/java/com/crawljax/util/DomUtilsTest.java|stefanlenselink/crawljax|src/main/java/com/crawljax/util/Helper.java
4,davidraleigh/geometry-api-java,src/test/java/com/esri/core/geometry/TestWKBSupport.java,satol/geometry-api-java,src/main/java/com/esri/core/geometry/ogc/OGCGeometry.java,True,True,3,3.0,Type-3,70.06611824035645,True,False,True,8868.0,davidraleigh/geometry-api-java|src/test/java/com/esri/core/geometry/TestWKBSupport.java|satol/geometry-api-java|src/main/java/com/esri/core/geometry/ogc/OGCGeometry.java
4,tempredirect/Java-Chronicle,src/test/java/vanilla/java/chronicle/impl/ByteBufferExcerptTest.java,peter-lawrey/Java-Chronicle,src/main/java/com/higherfrequencytrading/chronicle/impl/AbstractExcerpt.java,True,False,3,,Type-2,338.4441361427307,True,False,True,20478.0,tempredirect/Java-Chronicle|src/test/java/vanilla/java/chronicle/impl/ByteBufferExcerptTest.java|peter-lawrey/Java-Chronicle|src/main/java/com/higherfrequencytrading/chronicle/impl/AbstractExcerpt.java
4,wolfdancer/blueflood,blueflood-core/src/test/java/com/rackspacecloud/blueflood/types/BluefloodCounterRollupTest.java,dlobue/blueflood,src/main/java/com/rackspacecloud/blueflood/types/CounterRollup.java,True,True,3,3.0,Type-2,96.43457174301147,True,False,True,28163.0,wolfdancer/blueflood|blueflood-core/src/test/java/com/rackspacecloud/blueflood/types/BluefloodCounterRollupTest.java|dlobue/blueflood|src/main/java/com/rackspacecloud/blueflood/types/CounterRollup.java
4,mcgray/htmlelements,htmlelements-java/src/test/java/ru/yandex/qatools/htmlelements/PageInitializationTest.java,lanwen/htmlelements,src/test/java/ru/yandex/qatools/htmlelements/PageInitializationTest.java,True,True,2,2.0,Type-3,67.78914999961853,True,False,True,10097.0,mcgray/htmlelements|htmlelements-java/src/test/java/ru/yandex/qatools/htmlelements/PageInitializationTest.java|lanwen/htmlelements|src/test/java/ru/yandex/qatools/htmlelements/PageInitializationTest.java
5,ds2/lightfish,lightfish/src/test/java/org/lightfish/business/monitoring/control/SessionTokenRetrieverTest.java,AdamBien/lightfish,src/main/java/org/lightfish/business/servermonitoring/control/SessionTokenRetriever.java,True,True,3,3.0,Type-3,139.23951888084412,True,False,True,6207.0,ds2/lightfish|lightfish/src/test/java/org/lightfish/business/monitoring/control/SessionTokenRetrieverTest.java|AdamBien/lightfish|src/main/java/org/lightfish/business/servermonitoring/control/SessionTokenRetriever.java
5,daisy1754/crawljax,core/src/test/java/com/crawljax/util/DOMComparerTest.java,stefanlenselink/crawljax,src/main/java/com/crawljax/util/Helper.java,True,True,2,2.0,,17.44186520576477,True,False,True,2032.0,daisy1754/crawljax|core/src/test/java/com/crawljax/util/DOMComparerTest.java|stefanlenselink/crawljax|src/main/java/com/crawljax/util/Helper.java
5,stefanlenselink/crawljax,core/src/test/java/com/crawljax/util/HelperTest.java,daisy1754/crawljax,src/main/java/com/crawljax/util/DomUtils.java,True,False,3,,Type-2,152.2078709602356,True,False,True,8908.0,stefanlenselink/crawljax|core/src/test/java/com/crawljax/util/HelperTest.java|daisy1754/crawljax|src/main/java/com/crawljax/util/DomUtils.java
5,jaehwan-jung/crawljax,core/src/test/java/com/crawljax/util/DomUtilsTest.java,stefanlenselink/crawljax,src/main/java/com/crawljax/util/Helper.java,True,True,3,3.0,Type-3,63.87875413894653,True,False,True,8016.0,jaehwan-jung/crawljax|core/src/test/java/com/crawljax/util/DomUtilsTest.java|stefanlenselink/crawljax|src/main/java/com/crawljax/util/Helper.java
5,davidraleigh/geometry-api-java,src/test/java/com/esri/core/geometry/TestWKBSupport.java,satol/geometry-api-java,src/main/java/com/esri/core/geometry/ogc/OGCGeometry.java,True,True,3,3.0,Type-3,118.32866287231445,True,False,True,8415.0,davidraleigh/geometry-api-java|src/test/java/com/esri/core/geometry/TestWKBSupport.java|satol/geometry-api-java|src/main/java/com/esri/core/geometry/ogc/OGCGeometry.java
5,tempredirect/Java-Chronicle,src/test/java/vanilla/java/chronicle/impl/ByteBufferExcerptTest.java,peter-lawrey/Java-Chronicle,src/main/java/com/higherfrequencytrading/chronicle/impl/AbstractExcerpt.java,True,False,3,,Type-3,329.23546385765076,True,False,True,28454.0,tempredirect/Java-Chronicle|src/test/java/vanilla/java/chronicle/impl/ByteBufferExcerptTest.java|peter-lawrey/Java-Chronicle|src/main/java/com/higherfrequencytrading/chronicle/impl/AbstractExcerpt.java
5,wolfdancer/blueflood,blueflood-core/src/test/java/com/rackspacecloud/blueflood/types/BluefloodCounterRollupTest.java,dlobue/blueflood,src/main/java/com/rackspacecloud/blueflood/types/CounterRollup.java,True,True,2,2.0,Type-2,73.1585590839386,True,False,True,31103.0,wolfdancer/blueflood|blueflood-core/src/test/java/com/rackspacecloud/blueflood/types/BluefloodCounterRollupTest.java|dlobue/blueflood|src/main/java/com/rackspacecloud/blueflood/types/CounterRollup.java
5,mcgray/htmlelements,htmlelements-java/src/test/java/ru/yandex/qatools/htmlelements/PageInitializationTest.java,lanwen/htmlelements,src/test/java/ru/yandex/qatools/htmlelements/PageInitializationTest.java,True,False,3,,Type-3,93.50388383865356,True,False,True,5968.0,mcgray/htmlelements|htmlelements-java/src/test/java/ru/yandex/qatools/htmlelements/PageInitializationTest.java|lanwen/htmlelements|src/test/java/ru/yandex/qatools/htmlelements/PageInitializationTest.java
6,ds2/lightfish,lightfish/src/test/java/org/lightfish/business/monitoring/control/SessionTokenRetrieverTest.java,AdamBien/lightfish,src/main/java/org/lightfish/business/servermonitoring/control/SessionTokenRetriever.java,True,True,3,3.0,Type-3,59.04428195953369,True,False,True,5820.0,ds2/lightfish|lightfish/src/test/java/org/lightfish/business/monitoring/control/SessionTokenRetrieverTest.java|AdamBien/lightfish|src/main/java/org/lightfish/business/servermonitoring/control/SessionTokenRetriever.java
6,daisy1754/crawljax,core/src/test/java/com/crawljax/util/DOMComparerTest.java,stefanlenselink/crawljax,src/main/java/com/crawljax/util/Helper.java,True,True,2,2.0,Type-2,21.25058388710022,True,False,True,2295.0,daisy1754/crawljax|core/src/test/java/com/crawljax/util/DOMComparerTest.java|stefanlenselink/crawljax|src/main/java/com/crawljax/util/Helper.java
6,stefanlenselink/crawljax,core/src/test/java/com/crawljax/util/HelperTest.java,daisy1754/crawljax,src/main/java/com/crawljax/util/DomUtils.java,True,True,3,3.0,Type-2,87.63047623634338,True,False,True,8013.0,stefanlenselink/crawljax|core/src/test/java/com/crawljax/util/HelperTest.java|daisy1754/crawljax|src/main/java/com/crawljax/util/DomUtils.java
6,jaehwan-jung/crawljax,core/src/test/java/com/crawljax/util/DomUtilsTest.java,stefanlenselink/crawljax,src/main/java/com/crawljax/util/Helper.java,True,True,3,3.0,Type-3,68.3924651145935,True,False,True,8754.0,jaehwan-jung/crawljax|core/src/test/java/com/crawljax/util/DomUtilsTest.java|stefanlenselink/crawljax|src/main/java/com/crawljax/util/Helper.java
6,davidraleigh/geometry-api-java,src/test/java/com/esri/core/geometry/TestWKBSupport.java,satol/geometry-api-java,src/main/java/com/esri/core/geometry/ogc/OGCGeometry.java,True,True,3,3.0,Type-3,110.23075103759766,True,False,True,9266.0,davidraleigh/geometry-api-java|src/test/java/com/esri/core/geometry/TestWKBSupport.java|satol/geometry-api-java|src/main/java/com/esri/core/geometry/ogc/OGCGeometry.java
6,tempredirect/Java-Chronicle,src/test/java/vanilla/java/chronicle/impl/ByteBufferExcerptTest.java,peter-lawrey/Java-Chronicle,src/main/java/com/higherfrequencytrading/chronicle/impl/AbstractExcerpt.java,True,False,3,,Type-4,173.09588098526,True,False,True,7725.0,tempredirect/Java-Chronicle|src/test/java/vanilla/java/chronicle/impl/ByteBufferExcerptTest.java|peter-lawrey/Java-Chronicle|src/main/java/com/higherfrequencytrading/chronicle/impl/AbstractExcerpt.java
6,wolfdancer/blueflood,blueflood-core/src/test/java/com/rackspacecloud/blueflood/types/BluefloodCounterRollupTest.java,dlobue/blueflood,src/main/java/com/rackspacecloud/blueflood/types/CounterRollup.java,True,True,3,3.0,Type-2,134.65933179855347,True,False,True,27241.0,wolfdancer/blueflood|blueflood-core/src/test/java/com/rackspacecloud/blueflood/types/BluefloodCounterRollupTest.java|dlobue/blueflood|src/main/java/com/rackspacecloud/blueflood/types/CounterRollup.java
6,mcgray/htmlelements,htmlelements-java/src/test/java/ru/yandex/qatools/htmlelements/PageInitializationTest.java,lanwen/htmlelements,src/test/java/ru/yandex/qatools/htmlelements/PageInitializationTest.java,True,True,3,3.0,Type-2,124.56183505058289,True,False,True,11488.0,mcgray/htmlelements|htmlelements-java/src/test/java/ru/yandex/qatools/htmlelements/PageInitializationTest.java|lanwen/htmlelements|src/test/java/ru/yandex/qatools/htmlelements/PageInitializationTest.java
7,ds2/lightfish,lightfish/src/test/java/org/lightfish/business/monitoring/control/SessionTokenRetrieverTest.java,AdamBien/lightfish,src/main/java/org/lightfish/business/servermonitoring/control/SessionTokenRetriever.java,True,True,2,2.0,Type-2,49.17102003097534,True,False,True,5158.0,ds2/lightfish|lightfish/src/test/java/org/lightfish/business/monitoring/control/SessionTokenRetrieverTest.java|AdamBien/lightfish|src/main/java/org/lightfish/business/servermonitoring/control/SessionTokenRetriever.java
7,daisy1754/crawljax,core/src/test/java/com/crawljax/util/DOMComparerTest.java,stefanlenselink/crawljax,src/main/java/com/crawljax/util/Helper.java,True,True,2,2.0,Type-2,13.628231048583984,True,False,True,2091.0,daisy1754/crawljax|core/src/test/java/com/crawljax/util/DOMComparerTest.java|stefanlenselink/crawljax|src/main/java/com/crawljax/util/Helper.java
7,stefanlenselink/crawljax,core/src/test/java/com/crawljax/util/HelperTest.java,daisy1754/crawljax,src/main/java/com/crawljax/util/DomUtils.java,True,False,3,,Type-3,125.37446188926697,True,False,True,9116.0,stefanlenselink/crawljax|core/src/test/java/com/crawljax/util/HelperTest.java|daisy1754/crawljax|src/main/java/com/crawljax/util/DomUtils.java
7,jaehwan-jung/crawljax,core/src/test/java/com/crawljax/util/DomUtilsTest.java,stefanlenselink/crawljax,src/main/java/com/crawljax/util/Helper.java,True,True,3,3.0,Type-3,80.72088980674744,True,False,True,11108.0,jaehwan-jung/crawljax|core/src/test/java/com/crawljax/util/DomUtilsTest.java|stefanlenselink/crawljax|src/main/java/com/crawljax/util/Helper.java
7,davidraleigh/geometry-api-java,src/test/java/com/esri/core/geometry/TestWKBSupport.java,satol/geometry-api-java,src/main/java/com/esri/core/geometry/ogc/OGCGeometry.java,True,False,3,,Type-2,244.09098291397095,True,False,True,11499.0,davidraleigh/geometry-api-java|src/test/java/com/esri/core/geometry/TestWKBSupport.java|satol/geometry-api-java|src/main/java/com/esri/core/geometry/ogc/OGCGeometry.java
7,tempredirect/Java-Chronicle,src/test/java/vanilla/java/chronicle/impl/ByteBufferExcerptTest.java,peter-lawrey/Java-Chronicle,src/main/java/com/higherfrequencytrading/chronicle/impl/AbstractExcerpt.java,True,False,3,,Type-3,199.64736223220825,True,False,True,19867.0,tempredirect/Java-Chronicle|src/test/java/vanilla/java/chronicle/impl/ByteBufferExcerptTest.java|peter-lawrey/Java-Chronicle|src/main/java/com/higherfrequencytrading/chronicle/impl/AbstractExcerpt.java
7,wolfdancer/blueflood,blueflood-core/src/test/java/com/rackspacecloud/blueflood/types/BluefloodCounterRollupTest.java,dlobue/blueflood,src/main/java/com/rackspacecloud/blueflood/types/CounterRollup.java,True,True,3,3.0,Type-2,110.85143303871155,True,False,True,27315.0,wolfdancer/blueflood|blueflood-core/src/test/java/com/rackspacecloud/blueflood/types/BluefloodCounterRollupTest.java|dlobue/blueflood|src/main/java/com/rackspacecloud/blueflood/types/CounterRollup.java
7,mcgray/htmlelements,htmlelements-java/src/test/java/ru/yandex/qatools/htmlelements/PageInitializationTest.java,lanwen/htmlelements,src/test/java/ru/yandex/qatools/htmlelements/PageInitializationTest.java,True,True,3,3.0,Type-2,155.64451694488525,True,False,True,9847.0,mcgray/htmlelements|htmlelements-java/src/test/java/ru/yandex/qatools/htmlelements/PageInitializationTest.java|lanwen/htmlelements|src/test/java/ru/yandex/qatools/htmlelements/PageInitializationTest.java
8,ds2/lightfish,lightfish/src/test/java/org/lightfish/business/monitoring/control/SessionTokenRetrieverTest.java,AdamBien/lightfish,src/main/java/org/lightfish/business/servermonitoring/control/SessionTokenRetriever.java,True,True,3,3.0,Type-2,78.98433899879456,True,False,True,6412.0,ds2/lightfish|lightfish/src/test/java/org/lightfish/business/monitoring/control/SessionTokenRetrieverTest.java|AdamBien/lightfish|src/main/java/org/lightfish/business/servermonitoring/control/SessionTokenRetriever.java
8,daisy1754/crawljax,core/src/test/java/com/crawljax/util/DOMComparerTest.java,stefanlenselink/crawljax,src/main/java/com/crawljax/util/Helper.java,True,True,2,2.0,Type-2,20.536343097686768,True,False,True,2075.0,daisy1754/crawljax|core/src/test/java/com/crawljax/util/DOMComparerTest.java|stefanlenselink/crawljax|src/main/java/com/crawljax/util/Helper.java
8,stefanlenselink/crawljax,core/src/test/java/com/crawljax/util/HelperTest.java,daisy1754/crawljax,src/main/java/com/crawljax/util/DomUtils.java,True,True,3,3.0,Type-3,77.17604088783264,True,False,True,6019.0,stefanlenselink/crawljax|core/src/test/java/com/crawljax/util/HelperTest.java|daisy1754/crawljax|src/main/java/com/crawljax/util/DomUtils.java
8,jaehwan-jung/crawljax,core/src/test/java/com/crawljax/util/DomUtilsTest.java,stefanlenselink/crawljax,src/main/java/com/crawljax/util/Helper.java,True,True,2,2.0,Type-2,24.7003812789917,True,False,True,6282.0,jaehwan-jung/crawljax|core/src/test/java/com/crawljax/util/DomUtilsTest.java|stefanlenselink/crawljax|src/main/java/com/crawljax/util/Helper.java
8,davidraleigh/geometry-api-java,src/test/java/com/esri/core/geometry/TestWKBSupport.java,satol/geometry-api-java,src/main/java/com/esri/core/geometry/ogc/OGCGeometry.java,True,True,3,3.0,Type-3,91.66384410858154,True,False,True,9021.0,davidraleigh/geometry-api-java|src/test/java/com/esri/core/geometry/TestWKBSupport.java|satol/geometry-api-java|src/main/java/com/esri/core/geometry/ogc/OGCGeometry.java
8,tempredirect/Java-Chronicle,src/test/java/vanilla/java/chronicle/impl/ByteBufferExcerptTest.java,peter-lawrey/Java-Chronicle,src/main/java/com/higherfrequencytrading/chronicle/impl/AbstractExcerpt.java,True,False,3,,Type-4,307.9674451351166,True,False,True,22448.0,tempredirect/Java-Chronicle|src/test/java/vanilla/java/chronicle/impl/ByteBufferExcerptTest.java|peter-lawrey/Java-Chronicle|src/main/java/com/higherfrequencytrading/chronicle/impl/AbstractExcerpt.java
8,wolfdancer/blueflood,blueflood-core/src/test/java/com/rackspacecloud/blueflood/types/BluefloodCounterRollupTest.java,dlobue/blueflood,src/main/java/com/rackspacecloud/blueflood/types/CounterRollup.java,True,True,2,2.0,Type-2,47.45148515701294,True,False,True,28211.0,wolfdancer/blueflood|blueflood-core/src/test/java/com/rackspacecloud/blueflood/types/BluefloodCounterRollupTest.java|dlobue/blueflood|src/main/java/com/rackspacecloud/blueflood/types/CounterRollup.java
8,mcgray/htmlelements,htmlelements-java/src/test/java/ru/yandex/qatools/htmlelements/PageInitializationTest.java,lanwen/htmlelements,src/test/java/ru/yandex/qatools/htmlelements/PageInitializationTest.java,True,True,2,2.0,Type-3,53.690155029296875,True,False,True,8337.0,mcgray/htmlelements|htmlelements-java/src/test/java/ru/yandex/qatools/htmlelements/PageInitializationTest.java|lanwen/htmlelements|src/test/java/ru/yandex/qatools/htmlelements/PageInitializationTest.java
9,ds2/lightfish,lightfish/src/test/java/org/lightfish/business/monitoring/control/SessionTokenRetrieverTest.java,AdamBien/lightfish,src/main/java/org/lightfish/business/servermonitoring/control/SessionTokenRetriever.java,True,True,3,3.0,Type-4,85.80693507194519,True,False,True,7326.0,ds2/lightfish|lightfish/src/test/java/org/lightfish/business/monitoring/control/SessionTokenRetrieverTest.java|AdamBien/lightfish|src/main/java/org/lightfish/business/servermonitoring/control/SessionTokenRetriever.java
9,daisy1754/crawljax,core/src/test/java/com/crawljax/util/DOMComparerTest.java,stefanlenselink/crawljax,src/main/java/com/crawljax/util/Helper.java,True,True,2,2.0,,14.582513093948364,True,False,True,2070.0,daisy1754/crawljax|core/src/test/java/com/crawljax/util/DOMComparerTest.java|stefanlenselink/crawljax|src/main/java/com/crawljax/util/Helper.java
9,stefanlenselink/crawljax,core/src/test/java/com/crawljax/util/HelperTest.java,daisy1754/crawljax,src/main/java/com/crawljax/util/DomUtils.java,True,False,3,,Type-3,142.24184012413025,True,False,True,5555.0,stefanlenselink/crawljax|core/src/test/java/com/crawljax/util/HelperTest.java|daisy1754/crawljax|src/main/java/com/crawljax/util/DomUtils.java
9,jaehwan-jung/crawljax,core/src/test/java/com/crawljax/util/DomUtilsTest.java,stefanlenselink/crawljax,src/main/java/com/crawljax/util/Helper.java,True,True,3,3.0,Type-3,49.17517709732056,True,False,True,7005.0,jaehwan-jung/crawljax|core/src/test/java/com/crawljax/util/DomUtilsTest.java|stefanlenselink/crawljax|src/main/java/com/crawljax/util/Helper.java
9,davidraleigh/geometry-api-java,src/test/java/com/esri/core/geometry/TestWKBSupport.java,satol/geometry-api-java,src/main/java/com/esri/core/geometry/ogc/OGCGeometry.java,True,True,3,3.0,,63.35831809043884,True,False,True,7934.0,davidraleigh/geometry-api-java|src/test/java/com/esri/core/geometry/TestWKBSupport.java|satol/geometry-api-java|src/main/java/com/esri/core/geometry/ogc/OGCGeometry.java
9,tempredirect/Java-Chronicle,src/test/java/vanilla/java/chronicle/impl/ByteBufferExcerptTest.java,peter-lawrey/Java-Chronicle,src/main/java/com/higherfrequencytrading/chronicle/impl/AbstractExcerpt.java,True,False,3,,Type-4,180.49277591705322,True,False,True,10725.0,tempredirect/Java-Chronicle|src/test/java/vanilla/java/chronicle/impl/ByteBufferExcerptTest.java|peter-lawrey/Java-Chronicle|src/main/java/com/higherfrequencytrading/chronicle/impl/AbstractExcerpt.java
9,wolfdancer/blueflood,blueflood-core/src/test/java/com/rackspacecloud/blueflood/types/BluefloodCounterRollupTest.java,dlobue/blueflood,src/main/java/com/rackspacecloud/blueflood/types/CounterRollup.java,True,True,2,2.0,,54.71969199180603,True,False,True,34401.0,wolfdancer/blueflood|blueflood-core/src/test/java/com/rackspacecloud/blueflood/types/BluefloodCounterRollupTest.java|dlobue/blueflood|src/main/java/com/rackspacecloud/blueflood/types/CounterRollup.java
9,mcgray/htmlelements,htmlelements-java/src/test/java/ru/yandex/qatools/htmlelements/PageInitializationTest.java,lanwen/htmlelements,src/test/java/ru/yandex/qatools/htmlelements/PageInitializationTest.java,True,False,3,,Type-4,110.71330213546753,True,False,True,8773.0,mcgray/htmlelements|htmlelements-java/src/test/java/ru/yandex/qatools/htmlelements/PageInitializationTest.java|lanwen/htmlelements|src/test/java/ru/yandex/qatools/htmlelements/PageInitializationTest.java
10,ds2/lightfish,lightfish/src/test/java/org/lightfish/business/monitoring/control/SessionTokenRetrieverTest.java,AdamBien/lightfish,src/main/java/org/lightfish/business/servermonitoring/control/SessionTokenRetriever.java,True,True,3,3.0,Type-3,58.710456132888794,True,False,True,4989.0,ds2/lightfish|lightfish/src/test/java/org/lightfish/business/monitoring/control/SessionTokenRetrieverTest.java|AdamBien/lightfish|src/main/java/org/lightfish/business/servermonitoring/control/SessionTokenRetriever.java
10,daisy1754/crawljax,core/src/test/java/com/crawljax/util/DOMComparerTest.java,stefanlenselink/crawljax,src/main/java/com/crawljax/util/Helper.java,True,True,2,2.0,Type-2,16.892101049423218,True,False,True,3303.0,daisy1754/crawljax|core/src/test/java/com/crawljax/util/DOMComparerTest.java|stefanlenselink/crawljax|src/main/java/com/crawljax/util/Helper.java
10,stefanlenselink/crawljax,core/src/test/java/com/crawljax/util/HelperTest.java,daisy1754/crawljax,src/main/java/com/crawljax/util/DomUtils.java,True,False,3,,Type-2,170.1532018184662,True,False,True,8293.0,stefanlenselink/crawljax|core/src/test/java/com/crawljax/util/HelperTest.java|daisy1754/crawljax|src/main/java/com/crawljax/util/DomUtils.java
10,jaehwan-jung/crawljax,core/src/test/java/com/crawljax/util/DomUtilsTest.java,stefanlenselink/crawljax,src/main/java/com/crawljax/util/Helper.java,True,True,3,3.0,Type-3,67.43591499328613,True,False,True,8058.0,jaehwan-jung/crawljax|core/src/test/java/com/crawljax/util/DomUtilsTest.java|stefanlenselink/crawljax|src/main/java/com/crawljax/util/Helper.java
10,davidraleigh/geometry-api-java,src/test/java/com/esri/core/geometry/TestWKBSupport.java,satol/geometry-api-java,src/main/java/com/esri/core/geometry/ogc/OGCGeometry.java,True,True,3,3.0,Type-3,112.76696491241455,True,False,True,9530.0,davidraleigh/geometry-api-java|src/test/java/com/esri/core/geometry/TestWKBSupport.java|satol/geometry-api-java|src/main/java/com/esri/core/geometry/ogc/OGCGeometry.java
10,tempredirect/Java-Chronicle,src/test/java/vanilla/java/chronicle/impl/ByteBufferExcerptTest.java,peter-lawrey/Java-Chronicle,src/main/java/com/higherfrequencytrading/chronicle/impl/AbstractExcerpt.java,True,False,3,,Type-3,274.19157004356384,True,False,True,15916.0,tempredirect/Java-Chronicle|src/test/java/vanilla/java/chronicle/impl/ByteBufferExcerptTest.java|peter-lawrey/Java-Chronicle|src/main/java/com/higherfrequencytrading/chronicle/impl/AbstractExcerpt.java
10,wolfdancer/blueflood,blueflood-core/src/test/java/com/rackspacecloud/blueflood/types/BluefloodCounterRollupTest.java,dlobue/blueflood,src/main/java/com/rackspacecloud/blueflood/types/CounterRollup.java,True,True,2,2.0,Type-2,40.06322383880615,True,False,True,27304.0,wolfdancer/blueflood|blueflood-core/src/test/java/com/rackspacecloud/blueflood/types/BluefloodCounterRollupTest.java|dlobue/blueflood|src/main/java/com/rackspacecloud/blueflood/types/CounterRollup.java
10,mcgray/htmlelements,htmlelements-java/src/test/java/ru/yandex/qatools/htmlelements/PageInitializationTest.java,lanwen/htmlelements,src/test/java/ru/yandex/qatools/htmlelements/PageInitializationTest.java,True,True,2,2.0,Type-3,44.60457682609558,True,False,True,8108.0,mcgray/htmlelements|htmlelements-java/src/test/java/ru/yandex/qatools/htmlelements/PageInitializationTest.java|lanwen/htmlelements|src/test/java/ru/yandex/qatools/htmlelements/PageInitializationTest.java
